[
  {
    "id": "919e92e1-f182-41d2-9d6d-0573a7d20f82",
    "data": [
      {
        "text": "I want to study in ",
        "userDefined": false
      },
      {
        "text": "America",
        "meta": "@sys.geo-country",
        "alias": "country",
        "userDefined": false
      }
    ],
    "isTemplate": false,
    "count": 0,
    "lang": "en",
    "updated": 0
  },
  {
    "id": "d00aa5a6-2784-4c00-ba77-4fc1adfe5f88",
    "data": [
      {
        "text": "I prefer England, ",
        "userDefined": false
      },
      {
        "text": "Hongkong",
        "meta": "@sys.geo-country",
        "alias": "country",
        "userDefined": false
      }
    ],
    "isTemplate": false,
    "count": 0,
    "lang": "en",
    "updated": 0
  },
  {
    "id": "9ab3d1a8-18c3-40b4-8a3f-74fa3962df63",
    "data": [
      {
        "text": "I like studying in ",
        "userDefined": false
      },
      {
        "text": "SIngapore",
        "meta": "@sys.geo-country",
        "alias": "country",
        "userDefined": false
      }
    ],
    "isTemplate": false,
    "count": 0,
    "lang": "en",
    "updated": 0
  },
  {
    "id": "b8ac5353-a9b7-49bc-afde-905f96eb9116",
    "data": [
      {
        "text": "I want to stay in The ",
        "userDefined": false
      },
      {
        "text": "United kindom",
        "meta": "@sys.geo-country",
        "alias": "country",
        "userDefined": false
      }
    ],
    "isTemplate": false,
    "count": 0,
    "lang": "en",
    "updated": 0
  },
  {
    "id": "627c6cf4-d089-4a9c-a488-6c943c1b6035",
    "data": [
      {
        "text": "Korean",
        "meta": "@sys.geo-country",
        "alias": "country",
        "userDefined": true
      },
      {
        "text": " is my favorite",
        "userDefined": false
      }
    ],
    "isTemplate": false,
    "count": 0,
    "lang": "en",
    "updated": 0
  },
  {
    "id": "855936b1-dc88-4360-ab13-e8dc1fc6dc90",
    "data": [
      {
        "text": "Japan",
        "meta": "@sys.geo-country",
        "alias": "country",
        "userDefined": false
      },
      {
        "text": " is my first choice",
        "userDefined": false
      }
    ],
    "isTemplate": false,
    "count": 0,
    "lang": "en",
    "updated": 0
  },
  {
    "id": "15639e26-8f84-400c-bd66-24efb6e783be",
    "data": [
      {
        "text": "I like ",
        "userDefined": false
      },
      {
        "text": "Singapore",
        "meta": "@sys.geo-country",
        "alias": "country",
        "userDefined": true
      }
    ],
    "isTemplate": false,
    "count": 0,
    "lang": "en",
    "updated": 0
  },
  {
    "id": "1c18327a-7c01-46ef-856c-2e5040539838",
    "data": [
      {
        "text": "Singapore",
        "meta": "@sys.geo-country",
        "alias": "country",
        "userDefined": true
      }
    ],
    "isTemplate": false,
    "count": 0,
    "lang": "en",
    "updated": 0
  }
]