[
  {
    "id": "3168ced1-00ed-4c0e-aab7-304f5228be3c",
    "data": [
      {
        "text": "what is the price of ",
        "userDefined": false
      },
      {
        "text": "bitcoin",
        "meta": "@sys.any",
        "alias": "coinname",
        "userDefined": true
      }
    ],
    "isTemplate": false,
    "count": 0,
    "lang": "en",
    "updated": 0
  },
  {
    "id": "07c705e9-ab1a-4d8a-b5ed-bd73a7333e7a",
    "data": [
      {
        "text": "price of ",
        "userDefined": false
      },
      {
        "text": "bitcoin",
        "meta": "@sys.any",
        "alias": "coinname",
        "userDefined": true
      }
    ],
    "isTemplate": false,
    "count": 0,
    "lang": "en",
    "updated": 0
  }
]