[
  {
    "id": "20014388-4b1d-4c6a-ae0b-949a16ecbf87",
    "data": [
      {
        "text": "How is the weather now in ",
        "userDefined": false
      },
      {
        "text": "clementi",
        "meta": "@sys.any",
        "alias": "location",
        "userDefined": true
      },
      {
        "text": "?",
        "userDefined": false
      }
    ],
    "isTemplate": false,
    "count": 0,
    "lang": "en",
    "updated": 0
  },
  {
    "id": "f4d8d8ed-0006-4444-9761-1dc3ce8e3477",
    "data": [
      {
        "text": "What is the ",
        "userDefined": false
      },
      {
        "text": "weather",
        "userDefined": true
      },
      {
        "text": " look like in ",
        "userDefined": false
      },
      {
        "text": "singapore",
        "meta": "@sys.any",
        "alias": "location",
        "userDefined": true
      },
      {
        "text": "?",
        "userDefined": false
      }
    ],
    "isTemplate": false,
    "count": 0,
    "lang": "en",
    "updated": 0
  }
]