[
  {
    "id": "60b12370-6a4e-4d66-a0db-f482a53cdf6b",
    "data": [
      {
        "text": "86.5",
        "meta": "@sys.number",
        "alias": "gpa",
        "userDefined": true
      }
    ],
    "isTemplate": false,
    "count": 0,
    "lang": "en",
    "updated": 0
  },
  {
    "id": "6ab8f195-0b3c-40bb-b515-386852fde712",
    "data": [
      {
        "text": "My score is ",
        "userDefined": false
      },
      {
        "text": "88",
        "meta": "@sys.number",
        "alias": "gpa",
        "userDefined": true
      }
    ],
    "isTemplate": false,
    "count": 0,
    "lang": "en",
    "updated": 0
  },
  {
    "id": "52216148-b096-48dc-bdc4-25d7878f0068",
    "data": [
      {
        "text": "My GPA is ",
        "userDefined": false
      },
      {
        "text": "90.2",
        "meta": "@sys.number",
        "alias": "gpa",
        "userDefined": false
      }
    ],
    "isTemplate": false,
    "count": 0,
    "lang": "en",
    "updated": 0
  },
  {
    "id": "a560960d-ec0c-4e19-ad09-37a9429d715e",
    "data": [
      {
        "text": "88",
        "meta": "@sys.number",
        "alias": "gpa",
        "userDefined": true
      }
    ],
    "isTemplate": false,
    "count": 0,
    "lang": "en",
    "updated": 0
  }
]