[
  {
    "id": "a99504d9-a68a-46e0-b71d-4ebeb02a62d0",
    "data": [
      {
        "text": "6.5",
        "meta": "@ielts",
        "alias": "ielts",
        "userDefined": false
      },
      {
        "text": " and ",
        "userDefined": false
      },
      {
        "text": "112",
        "meta": "@sys.number",
        "alias": "language",
        "userDefined": false
      }
    ],
    "isTemplate": false,
    "count": 0,
    "lang": "en",
    "updated": 0
  },
  {
    "id": "f2680607-8a19-44bb-9f1c-b6304977c05f",
    "data": [
      {
        "text": "My language is ",
        "userDefined": false
      },
      {
        "text": "7.5",
        "meta": "@ielts",
        "alias": "ielts",
        "userDefined": true
      },
      {
        "text": " and ",
        "userDefined": false
      },
      {
        "text": "110",
        "meta": "@sys.number",
        "alias": "language",
        "userDefined": true
      }
    ],
    "isTemplate": false,
    "count": 0,
    "lang": "en",
    "updated": 0
  },
  {
    "id": "6b81a1cc-3737-4661-bf5f-3f127dd8440a",
    "data": [
      {
        "text": "Mine is ",
        "userDefined": false
      },
      {
        "text": "6.5",
        "meta": "@ielts",
        "alias": "ielts",
        "userDefined": true
      }
    ],
    "isTemplate": false,
    "count": 0,
    "lang": "en",
    "updated": 0
  },
  {
    "id": "0a04de69-040e-4f5e-8eab-17e783408761",
    "data": [
      {
        "text": "Mine is ",
        "userDefined": false
      },
      {
        "text": "101",
        "meta": "@sys.number",
        "alias": "language",
        "userDefined": true
      }
    ],
    "isTemplate": false,
    "count": 0,
    "lang": "en",
    "updated": 0
  },
  {
    "id": "f6b90591-3527-4ef7-bfcf-1d90d4c8bf6a",
    "data": [
      {
        "text": "My language score is ",
        "userDefined": false
      },
      {
        "text": "110",
        "meta": "@sys.number",
        "alias": "language",
        "userDefined": false
      }
    ],
    "isTemplate": false,
    "count": 0,
    "lang": "en",
    "updated": 0
  },
  {
    "id": "ef9baf48-c597-41bf-b5e9-1c447beb42f9",
    "data": [
      {
        "text": "My language is ",
        "userDefined": false
      },
      {
        "text": "7.5",
        "meta": "@ielts",
        "alias": "ielts",
        "userDefined": false
      }
    ],
    "isTemplate": false,
    "count": 0,
    "lang": "en",
    "updated": 0
  },
  {
    "id": "6c7045c2-e9d7-473b-9438-5dcc0f43a6d5",
    "data": [
      {
        "text": "103",
        "meta": "@sys.number",
        "alias": "language",
        "userDefined": false
      }
    ],
    "isTemplate": false,
    "count": 0,
    "lang": "en",
    "updated": 0
  },
  {
    "id": "e991deee-106e-443b-b052-7bf340731ff4",
    "data": [
      {
        "text": "5.5",
        "meta": "@ielts",
        "alias": "ielts",
        "userDefined": false
      }
    ],
    "isTemplate": false,
    "count": 0,
    "lang": "en",
    "updated": 0
  },
  {
    "id": "bb686948-ce8c-460a-a902-08c067fee18b",
    "data": [
      {
        "text": "My TOFEL is ",
        "userDefined": false
      },
      {
        "text": "106",
        "meta": "@sys.number",
        "alias": "language",
        "userDefined": false
      }
    ],
    "isTemplate": false,
    "count": 0,
    "lang": "en",
    "updated": 0
  },
  {
    "id": "b4242dda-7bc6-4bc0-9338-fe1f10514b4d",
    "data": [
      {
        "text": "My IELTS is ",
        "userDefined": false
      },
      {
        "text": "7",
        "meta": "@ielts",
        "alias": "ielts",
        "userDefined": true
      }
    ],
    "isTemplate": false,
    "count": 0,
    "lang": "en",
    "updated": 0
  },
  {
    "id": "10fae4d7-b0ee-408b-8f18-fde828e0bf61",
    "data": [
      {
        "text": "I got ",
        "userDefined": false
      },
      {
        "text": "105",
        "meta": "@sys.number",
        "alias": "language",
        "userDefined": true
      }
    ],
    "isTemplate": false,
    "count": 0,
    "lang": "en",
    "updated": 0
  },
  {
    "id": "06afe4de-6422-4da7-8fd4-a2533f23de40",
    "data": [
      {
        "text": "I got ",
        "userDefined": false
      },
      {
        "text": "6.5",
        "meta": "@ielts",
        "alias": "ielts",
        "userDefined": true
      }
    ],
    "isTemplate": false,
    "count": 0,
    "lang": "en",
    "updated": 0
  }
]