[
  {
    "id": "0f714be1-a954-4953-a11f-0271ee17e8b4",
    "data": [
      {
        "text": "Arts",
        "meta": "@learning_field",
        "alias": "learning_field",
        "userDefined": true
      },
      {
        "text": ": I want to learn something about music production and movie production courses.",
        "userDefined": false
      }
    ],
    "isTemplate": false,
    "count": 0,
    "lang": "en",
    "updated": 0
  },
  {
    "id": "2c138816-57d2-4aa0-8f3f-0fc69d57b92d",
    "data": [
      {
        "text": "Computer Science",
        "meta": "@learning_field",
        "alias": "learning_field",
        "userDefined": true
      },
      {
        "text": ": Machine Learning, Deep Learning, Computer Vision, Natural Language Processing, Data Mining, Data Science, Big Data, etc.",
        "userDefined": false
      }
    ],
    "isTemplate": false,
    "count": 0,
    "lang": "en",
    "updated": 0
  }
]