[
  {
    "id": "a8dd05e8-6153-4cee-a221-dbb3c310b482",
    "data": [
      {
        "text": "What are the requirements for graduate school applications?",
        "userDefined": false
      }
    ],
    "isTemplate": false,
    "count": 0,
    "lang": "en",
    "updated": 0
  },
  {
    "id": "df6895d3-2781-4ca0-9976-28277adc165c",
    "data": [
      {
        "text": "Can you help me find a graduate program to apply to?",
        "userDefined": false
      }
    ],
    "isTemplate": false,
    "count": 0,
    "lang": "en",
    "updated": 0
  },
  {
    "id": "d2647105-cb3f-4de3-bf21-67aa6bb371f3",
    "data": [
      {
        "text": "How do I prepare for a graduate school application?",
        "userDefined": false
      }
    ],
    "isTemplate": false,
    "count": 0,
    "lang": "en",
    "updated": 0
  },
  {
    "id": "fe1d2c69-8fba-4447-b573-3b36e643afe1",
    "data": [
      {
        "text": "What are the requirements for university applications?",
        "userDefined": false
      }
    ],
    "isTemplate": false,
    "count": 0,
    "lang": "en",
    "updated": 0
  },
  {
    "id": "e9d9a756-427c-4b19-b7ff-af60065cb700",
    "data": [
      {
        "text": "Do you have any suggestions for universities?",
        "userDefined": false
      }
    ],
    "isTemplate": false,
    "count": 0,
    "lang": "en",
    "updated": 0
  },
  {
    "id": "a0abaea2-7846-481d-ac92-315af885385e",
    "data": [
      {
        "text": "Can you help me with university applications?",
        "userDefined": false
      }
    ],
    "isTemplate": false,
    "count": 0,
    "lang": "en",
    "updated": 0
  },
  {
    "id": "1e664be0-6ca0-475e-bb24-7756f3b445cd",
    "data": [
      {
        "text": "I want to ",
        "userDefined": false
      },
      {
        "text": "apply",
        "userDefined": true
      },
      {
        "text": " for an university.",
        "userDefined": false
      }
    ],
    "isTemplate": false,
    "count": 0,
    "lang": "en",
    "updated": 0
  },
  {
    "id": "ca3df1f8-8db1-4ceb-859d-13c1040fb13e",
    "data": [
      {
        "text": "I need some help of ",
        "userDefined": false
      },
      {
        "text": "choosing",
        "userDefined": true
      },
      {
        "text": " of the postgraduate university",
        "userDefined": false
      }
    ],
    "isTemplate": false,
    "count": 0,
    "lang": "en",
    "updated": 0
  },
  {
    "id": "3c167a35-4997-4c1c-b275-f515e4817046",
    "data": [
      {
        "text": "I need some help of ",
        "userDefined": false
      },
      {
        "text": "choosing",
        "userDefined": true
      },
      {
        "text": " of the postgraduate school",
        "userDefined": false
      }
    ],
    "isTemplate": false,
    "count": 0,
    "lang": "en",
    "updated": 0
  },
  {
    "id": "267bfca8-8bf2-47f9-bb58-4281ea4e2fd2",
    "data": [
      {
        "text": "I want some ",
        "userDefined": false
      },
      {
        "text": "recommendation",
        "userDefined": true
      },
      {
        "text": " of the university",
        "userDefined": false
      }
    ],
    "isTemplate": false,
    "count": 0,
    "lang": "en",
    "updated": 0
  },
  {
    "id": "152ecc62-7d11-40ec-8203-7732bbf3db50",
    "data": [
      {
        "text": "I want to explore options for graduate school.",
        "userDefined": false
      }
    ],
    "isTemplate": false,
    "count": 2,
    "lang": "en",
    "updated": 0
  },
  {
    "id": "01622411-a474-49f8-9cf4-c4bc01afe023",
    "data": [
      {
        "text": "I\u0027m looking to apply to graduate school in the near future.",
        "userDefined": false
      }
    ],
    "isTemplate": false,
    "count": 0,
    "lang": "en",
    "updated": 0
  },
  {
    "id": "a6d72036-b560-4828-9768-5d1aa6654266",
    "data": [
      {
        "text": "I\u0027m interested in applying to a master\u0027s program.",
        "userDefined": false
      }
    ],
    "isTemplate": false,
    "count": 0,
    "lang": "en",
    "updated": 0
  },
  {
    "id": "5ae877ef-9891-4128-8b70-f9076460e1a8",
    "data": [
      {
        "text": "I\u0027m thinking about pursuing a graduate degree.",
        "userDefined": false
      }
    ],
    "isTemplate": false,
    "count": 0,
    "lang": "en",
    "updated": 0
  },
  {
    "id": "9498e339-7982-4476-bc89-13dc4220ccc5",
    "data": [
      {
        "text": "I want to continue my education and apply to grad school.",
        "userDefined": false
      }
    ],
    "isTemplate": false,
    "count": 0,
    "lang": "en",
    "updated": 0
  },
  {
    "id": "3ce0a599-ac6a-4cd2-a248-b6d4c1991988",
    "data": [
      {
        "text": "I\u0027m considering applying to graduate school.",
        "userDefined": false
      }
    ],
    "isTemplate": false,
    "count": 0,
    "lang": "en",
    "updated": 0
  },
  {
    "id": "9b744ca2-aa19-40ed-81aa-c4664f02f14b",
    "data": [
      {
        "text": "recommend a postgraduate school",
        "userDefined": false
      }
    ],
    "isTemplate": false,
    "count": 0,
    "lang": "en",
    "updated": 0
  },
  {
    "id": "f9c5a847-86b7-4416-af12-59314b827bbe",
    "data": [
      {
        "text": "recommend an university",
        "userDefined": false
      }
    ],
    "isTemplate": false,
    "count": 0,
    "lang": "en",
    "updated": 0
  },
  {
    "id": "005e345e-d739-494a-9ae3-e52605e21346",
    "data": [
      {
        "text": "recommendation",
        "userDefined": false
      }
    ],
    "isTemplate": false,
    "count": 0,
    "lang": "en",
    "updated": 0
  },
  {
    "id": "79ac9060-2361-4069-bc29-2a21236ef2dc",
    "data": [
      {
        "text": "I\u0027m curious about graduate school and want to know more.",
        "userDefined": false
      }
    ],
    "isTemplate": false,
    "count": 0,
    "lang": "en",
    "updated": 0
  },
  {
    "id": "34526fd6-ab44-4c8d-bbc7-09baec153e09",
    "data": [
      {
        "text": "apply to an university",
        "userDefined": false
      }
    ],
    "isTemplate": false,
    "count": 0,
    "lang": "en",
    "updated": 0
  },
  {
    "id": "ea5366e7-8f97-4ecb-b107-0c4942a6b461",
    "data": [
      {
        "text": "apply for an university",
        "userDefined": false
      }
    ],
    "isTemplate": false,
    "count": 0,
    "lang": "en",
    "updated": 0
  },
  {
    "id": "5a4d1976-4c42-4660-90d8-21671e0e0b8c",
    "data": [
      {
        "text": "Apply",
        "userDefined": false
      }
    ],
    "isTemplate": false,
    "count": 0,
    "lang": "en",
    "updated": 0
  },
  {
    "id": "3a2b157f-fe7f-4cd6-bc36-7d80208e2414",
    "data": [
      {
        "text": "I\u0027m curious about universities and want to know more.",
        "userDefined": false
      }
    ],
    "isTemplate": false,
    "count": 0,
    "lang": "en",
    "updated": 0
  },
  {
    "id": "93691e3a-cea5-41de-a13d-95fe25c73c1c",
    "data": [
      {
        "text": "I want some recommendation",
        "userDefined": false
      }
    ],
    "isTemplate": false,
    "count": 0,
    "lang": "en",
    "updated": 0
  },
  {
    "id": "a339e50d-3f58-409d-b577-5aa65582cacd",
    "data": [
      {
        "text": "What can you do for me?",
        "userDefined": false
      }
    ],
    "isTemplate": false,
    "count": 0,
    "lang": "en",
    "updated": 0
  },
  {
    "id": "22c1ba53-d312-41e6-8c43-ff6abdb33f3b",
    "data": [
      {
        "text": "University",
        "userDefined": true
      }
    ],
    "isTemplate": false,
    "count": 0,
    "lang": "en",
    "updated": 0
  },
  {
    "id": "6735df74-5ec2-41fe-9ed1-254c5eea5c9d",
    "data": [
      {
        "text": "Postgraduate ",
        "userDefined": false
      },
      {
        "text": "University",
        "userDefined": true
      }
    ],
    "isTemplate": false,
    "count": 0,
    "lang": "en",
    "updated": 0
  }
]