[
  {
    "id": "f8d727a8-89a2-43b4-bf67-864aa8d24158",
    "data": [
      {
        "text": "My University is ",
        "userDefined": false
      },
      {
        "text": "Peking University",
        "meta": "@university",
        "alias": "university",
        "userDefined": false
      }
    ],
    "isTemplate": false,
    "count": 0,
    "lang": "en",
    "updated": 0
  },
  {
    "id": "45432c6c-499f-4b1c-bcbc-30fe32c69a7c",
    "data": [
      {
        "text": "Fuzhou University",
        "meta": "@university",
        "alias": "university",
        "userDefined": false
      }
    ],
    "isTemplate": false,
    "count": 0,
    "lang": "en",
    "updated": 0
  },
  {
    "id": "eebb804e-1337-4e31-bf4a-9cea718bbc61",
    "data": [
      {
        "text": "I study in ",
        "userDefined": false
      },
      {
        "text": "National University of Singapore",
        "meta": "@university",
        "alias": "university",
        "userDefined": false
      }
    ],
    "isTemplate": false,
    "count": 0,
    "lang": "en",
    "updated": 0
  },
  {
    "id": "58cbb891-1c12-44ad-9abc-1cc5f2c7695b",
    "data": [
      {
        "text": "I am from ",
        "userDefined": false
      },
      {
        "text": "FuZhou University",
        "meta": "@university",
        "alias": "university",
        "userDefined": false
      }
    ],
    "isTemplate": false,
    "count": 0,
    "lang": "en",
    "updated": 0
  }
]