[
  {
    "value": "1.0",
    "synonyms": [
      "1.0",
      "1"
    ]
  },
  {
    "value": "1.5",
    "synonyms": [
      "1.5"
    ]
  },
  {
    "value": "2.0",
    "synonyms": [
      "2.0",
      "2"
    ]
  },
  {
    "value": "2.5",
    "synonyms": [
      "2.5"
    ]
  },
  {
    "value": "3.0",
    "synonyms": [
      "3.0",
      "3"
    ]
  },
  {
    "value": "3.5",
    "synonyms": [
      "3.5"
    ]
  },
  {
    "value": "4.0",
    "synonyms": [
      "4.0",
      "4"
    ]
  },
  {
    "value": "4.5",
    "synonyms": [
      "4.5"
    ]
  },
  {
    "value": "5.0",
    "synonyms": [
      "5.0",
      "5"
    ]
  },
  {
    "value": "5.5",
    "synonyms": [
      "5.5"
    ]
  },
  {
    "value": "6.0",
    "synonyms": [
      "6.0",
      "6"
    ]
  },
  {
    "value": "6.5",
    "synonyms": [
      "6.5"
    ]
  },
  {
    "value": "7.0",
    "synonyms": [
      "7.0",
      "7"
    ]
  },
  {
    "value": "7.5",
    "synonyms": [
      "7.5"
    ]
  },
  {
    "value": "8.0",
    "synonyms": [
      "8.0",
      "8"
    ]
  },
  {
    "value": "8.5",
    "synonyms": [
      "8.5"
    ]
  },
  {
    "value": "9.0",
    "synonyms": [
      "9.0",
      "9"
    ]
  }
]