[
  {
    "value": "Computer Science",
    "synonyms": [
      "Computer Science"
    ]
  },
  {
    "value": "Engineering",
    "synonyms": [
      "Engineering"
    ]
  },
  {
    "value": "Business",
    "synonyms": [
      "Business"
    ]
  },
  {
    "value": "Economics",
    "synonyms": [
      "Economics"
    ]
  },
  {
    "value": "Law",
    "synonyms": [
      "Law"
    ]
  },
  {
    "value": "Medicine",
    "synonyms": [
      "Medicine"
    ]
  },
  {
    "value": "Arts",
    "synonyms": [
      "Arts"
    ]
  },
  {
    "value": "Education",
    "synonyms": [
      "Education"
    ]
  },
  {
    "value": "Social Science",
    "synonyms": [
      "Social Science"
    ]
  },
  {
    "value": "Agriculture",
    "synonyms": [
      "Agriculture"
    ]
  },
  {
    "value": "Environment",
    "synonyms": [
      "Environment"
    ]
  }
]