[
  {
    "value": "Tsinghua University",
    "synonyms": [
      "Tsinghua University"
    ]
  },
  {
    "value": "Beijing University",
    "synonyms": [
      "Beijing University"
    ]
  },
  {
    "value": "Zhejiang University",
    "synonyms": [
      "Zhejiang University"
    ]
  },
  {
    "value": "Shanghai Jiaotong University",
    "synonyms": [
      "Shanghai Jiaotong University"
    ]
  },
  {
    "value": "Fudan University",
    "synonyms": [
      "Fudan University"
    ]
  },
  {
    "value": "Nanjing University",
    "synonyms": [
      "Nanjing University"
    ]
  },
  {
    "value": "University of Science and Technology of China",
    "synonyms": [
      "University of Science and Technology of China"
    ]
  },
  {
    "value": "Huazhong University of Science and Technology",
    "synonyms": [
      "Huazhong University of Science and Technology"
    ]
  },
  {
    "value": "Wuhan University",
    "synonyms": [
      "Wuhan University"
    ]
  },
  {
    "value": "East China Normal University",
    "synonyms": [
      "East China Normal University"
    ]
  },
  {
    "value": "University of Electronic Science and Technology",
    "synonyms": [
      "University of Electronic Science and Technology"
    ]
  },
  {
    "value": "Xi\u0027an Jiaotong University",
    "synonyms": [
      "Xi\u0027an Jiaotong University"
    ]
  },
  {
    "value": "Sichuan University",
    "synonyms": [
      "Sichuan University"
    ]
  },
  {
    "value": "Sun Yat-sen University",
    "synonyms": [
      "Sun Yat-sen University"
    ]
  },
  {
    "value": "Harbin Institute of Technology",
    "synonyms": [
      "Harbin Institute of Technology"
    ]
  },
  {
    "value": "Tongji University",
    "synonyms": [
      "Tongji University"
    ]
  },
  {
    "value": "Beihang University",
    "synonyms": [
      "Beihang University"
    ]
  },
  {
    "value": "Southeast University",
    "synonyms": [
      "Southeast University"
    ]
  },
  {
    "value": "Beijing Normal University",
    "synonyms": [
      "Beijing Normal University"
    ]
  },
  {
    "value": "Beijing Institute of Technology",
    "synonyms": [
      "Beijing Institute of Technology"
    ]
  },
  {
    "value": "Renmin University of China",
    "synonyms": [
      "Renmin University of China"
    ]
  },
  {
    "value": "Nankai University",
    "synonyms": [
      "Nankai University"
    ]
  },
  {
    "value": "Tianjin University",
    "synonyms": [
      "Tianjin University"
    ]
  },
  {
    "value": "Peking Union Medical College",
    "synonyms": [
      "Peking Union Medical College"
    ]
  },
  {
    "value": "Shan Dong University",
    "synonyms": [
      "Shan Dong University"
    ]
  },
  {
    "value": "central south university",
    "synonyms": [
      "central south university"
    ]
  },
  {
    "value": "Northwestern Polytechnical University",
    "synonyms": [
      "Northwestern Polytechnical University"
    ]
  },
  {
    "value": "South China University of Technology",
    "synonyms": [
      "South China University of Technology"
    ]
  },
  {
    "value": "Xiamen University",
    "synonyms": [
      "Xiamen University"
    ]
  },
  {
    "value": "Jilin University",
    "synonyms": [
      "Jilin University"
    ]
  },
  {
    "value": "China Agricultural University",
    "synonyms": [
      "China Agricultural University"
    ]
  },
  {
    "value": "Shanghai University of Finance and Economics",
    "synonyms": [
      "Shanghai University of Finance and Economics"
    ]
  },
  {
    "value": "Hunan University",
    "synonyms": [
      "Hunan University"
    ]
  },
  {
    "value": "Nanjing University of Science and Technology",
    "synonyms": [
      "Nanjing University of Science and Technology"
    ]
  },
  {
    "value": "Chongqing University",
    "synonyms": [
      "Chongqing University"
    ]
  },
  {
    "value": "Southern University of Science and Technology",
    "synonyms": [
      "Southern University of Science and Technology"
    ]
  },
  {
    "value": "Beijing University of Science and Technology",
    "synonyms": [
      "Beijing University of Science and Technology"
    ]
  },
  {
    "value": "Nanjing University of Aeronautics and Astronautics",
    "synonyms": [
      "Nanjing University of Aeronautics and Astronautics"
    ]
  },
  {
    "value": "Lanzhou University",
    "synonyms": [
      "Lanzhou University"
    ]
  },
  {
    "value": "Northeastern University",
    "synonyms": [
      "Northeastern University"
    ]
  },
  {
    "value": "Beijing Jiaotong University",
    "synonyms": [
      "Beijing Jiaotong University"
    ]
  },
  {
    "value": "Beijing University of Science and Technology",
    "synonyms": [
      "Beijing University of Science and Technology"
    ]
  },
  {
    "value": "Beijing University of Chemical Technology",
    "synonyms": [
      "Beijing University of Chemical Technology"
    ]
  },
  {
    "value": "Beijing University of Posts and Telecommunications",
    "synonyms": [
      "Beijing University of Posts and Telecommunications"
    ]
  },
  {
    "value": "Beijing Forestry University",
    "synonyms": [
      "Beijing Forestry University"
    ]
  },
  {
    "value": "Beijing University of Chinese Medicine",
    "synonyms": [
      "Beijing University of Chinese Medicine"
    ]
  },
  {
    "value": "Communication University of China",
    "synonyms": [
      "Communication University of China"
    ]
  },
  {
    "value": "Central University of Finance and Economics",
    "synonyms": [
      "Central University of Finance and Economics"
    ]
  },
  {
    "value": "China University of Political Science and Law",
    "synonyms": [
      "China University of Political Science and Law"
    ]
  },
  {
    "value": "North China Electric Power University",
    "synonyms": [
      "North China Electric Power University"
    ]
  },
  {
    "value": "Northeast Normal University",
    "synonyms": [
      "Northeast Normal University"
    ]
  },
  {
    "value": "Northeast Forestry University",
    "synonyms": [
      "Northeast Forestry University"
    ]
  },
  {
    "value": "East China University of Science and Technology",
    "synonyms": [
      "East China University of Science and Technology"
    ]
  },
  {
    "value": "Nanjing University of Aeronautics and Astronautics",
    "synonyms": [
      "Nanjing University of Aeronautics and Astronautics"
    ]
  },
  {
    "value": "Nanjing University of Science and Technology",
    "synonyms": [
      "Nanjing University of Science and Technology"
    ]
  },
  {
    "value": "China University of Mining",
    "synonyms": [
      "China University of Mining"
    ]
  },
  {
    "value": "He Hai University",
    "synonyms": [
      "He Hai University"
    ]
  },
  {
    "value": "Jiangnan University",
    "synonyms": [
      "Jiangnan University"
    ]
  },
  {
    "value": "Nanjing Agricultural College",
    "synonyms": [
      "Nanjing Agricultural College"
    ]
  },
  {
    "value": "China Pharmaceutical University",
    "synonyms": [
      "China Pharmaceutical University"
    ]
  },
  {
    "value": "Hefei University of Technology",
    "synonyms": [
      "Hefei University of Technology"
    ]
  },
  {
    "value": "Wuhan University of Technology",
    "synonyms": [
      "Wuhan University of Technology"
    ]
  },
  {
    "value": "Huazhong Agricultural University",
    "synonyms": [
      "Huazhong Agricultural University"
    ]
  },
  {
    "value": "Huazhong Normal University",
    "synonyms": [
      "Huazhong Normal University"
    ]
  },
  {
    "value": "Zhongnan University of Economics and Law",
    "synonyms": [
      "Zhongnan University of Economics and Law"
    ]
  },
  {
    "value": "Jinan University",
    "synonyms": [
      "Jinan University"
    ]
  },
  {
    "value": "Southwest Jiaotong University",
    "synonyms": [
      "Southwest Jiaotong University"
    ]
  },
  {
    "value": "Southwestern University of Finance and Economics",
    "synonyms": [
      "Southwestern University of Finance and Economics"
    ]
  },
  {
    "value": "Southwest University",
    "synonyms": [
      "Southwest University"
    ]
  },
  {
    "value": "Xidian University",
    "synonyms": [
      "Xidian University"
    ]
  },
  {
    "value": "Changan University",
    "synonyms": [
      "Changan University"
    ]
  },
  {
    "value": "Shaanxi Normal University",
    "synonyms": [
      "Shaanxi Normal University"
    ]
  },
  {
    "value": "China Petroleum University",
    "synonyms": [
      "China Petroleum University"
    ]
  },
  {
    "value": "China University of Geosciences",
    "synonyms": [
      "China University of Geosciences"
    ]
  },
  {
    "value": "Harbin Engineering University",
    "synonyms": [
      "Harbin Engineering University"
    ]
  },
  {
    "value": "Beijing foreign language university",
    "synonyms": [
      "Beijing foreign language university"
    ]
  },
  {
    "value": "Foreign Economic and Trade University",
    "synonyms": [
      "Foreign Economic and Trade University"
    ]
  },
  {
    "value": "Beijing Sport University",
    "synonyms": [
      "Beijing Sport University"
    ]
  },
  {
    "value": "Central Conservatory of Music",
    "synonyms": [
      "Central Conservatory of Music"
    ]
  },
  {
    "value": "Dalian Maritime University",
    "synonyms": [
      "Dalian Maritime University"
    ]
  },
  {
    "value": "Donghua University",
    "synonyms": [
      "Donghua University"
    ]
  },
  {
    "value": "Shanghai International Studies University",
    "synonyms": [
      "Shanghai International Studies University"
    ]
  },
  {
    "value": "Second Military Medical University",
    "synonyms": [
      "Second Military Medical University"
    ]
  },
  {
    "value": "Fourth Military Medical University",
    "synonyms": [
      "Fourth Military Medical University"
    ]
  },
  {
    "value": "Beijing industry university",
    "synonyms": [
      "Beijing industry university"
    ]
  },
  {
    "value": "Tianjin Medical University",
    "synonyms": [
      "Tianjin Medical University"
    ]
  },
  {
    "value": "Hebei University of Technology",
    "synonyms": [
      "Hebei University of Technology"
    ]
  },
  {
    "value": "Taiyuan University of Technology",
    "synonyms": [
      "Taiyuan University of Technology"
    ]
  },
  {
    "value": "Mongolian university",
    "synonyms": [
      "Mongolian university"
    ]
  },
  {
    "value": "Liaoning University",
    "synonyms": [
      "Liaoning University"
    ]
  },
  {
    "value": "Yanbian University",
    "synonyms": [
      "Yanbian University"
    ]
  },
  {
    "value": "Northeast Agricultural University",
    "synonyms": [
      "Northeast Agricultural University"
    ]
  },
  {
    "value": "Shanghai University",
    "synonyms": [
      "Shanghai University"
    ]
  },
  {
    "value": "Suzhou University",
    "synonyms": [
      "Suzhou University"
    ]
  },
  {
    "value": "Nanjing Normal University",
    "synonyms": [
      "Nanjing Normal University"
    ]
  },
  {
    "value": "Anhui University",
    "synonyms": [
      "Anhui University"
    ]
  },
  {
    "value": "Fuzhou University",
    "synonyms": [
      "Fuzhou University"
    ]
  },
  {
    "value": "Zhengzhou University",
    "synonyms": [
      "Zhengzhou University"
    ]
  },
  {
    "value": "Hunan Normal University",
    "synonyms": [
      "Hunan Normal University"
    ]
  },
  {
    "value": "South China Normal University",
    "synonyms": [
      "South China Normal University"
    ]
  },
  {
    "value": "Guangxi University",
    "synonyms": [
      "Guangxi University"
    ]
  },
  {
    "value": "Sichuan Agricultural University",
    "synonyms": [
      "Sichuan Agricultural University"
    ]
  },
  {
    "value": "Guizhou University",
    "synonyms": [
      "Guizhou University"
    ]
  },
  {
    "value": "Yunnan University",
    "synonyms": [
      "Yunnan University"
    ]
  },
  {
    "value": "Northwest University",
    "synonyms": [
      "Northwest University"
    ]
  },
  {
    "value": "Xinjiang University",
    "synonyms": [
      "Xinjiang University"
    ]
  },
  {
    "value": "Hainan Univeristy",
    "synonyms": [
      "Hainan Univeristy"
    ]
  },
  {
    "value": "Qinghai University",
    "synonyms": [
      "Qinghai University"
    ]
  },
  {
    "value": "Ningxia University",
    "synonyms": [
      "Ningxia University"
    ]
  },
  {
    "value": "Shihezi University",
    "synonyms": [
      "Shihezi University"
    ]
  },
  {
    "value": "Tibet University",
    "synonyms": [
      "Tibet University"
    ]
  },
  {
    "value": "Nanjing University of Posts and Telecommunications",
    "synonyms": [
      "Nanjing University of Posts and Telecommunications"
    ]
  },
  {
    "value": "Capital Normal University",
    "synonyms": [
      "Capital Normal University"
    ]
  },
  {
    "value": "Nanjing Medical University",
    "synonyms": [
      "Nanjing Medical University"
    ]
  },
  {
    "value": "People\u0027s Public Security University of China",
    "synonyms": [
      "People\u0027s Public Security University of China"
    ]
  },
  {
    "value": "Guangzhou Medical University",
    "synonyms": [
      "Guangzhou Medical University"
    ]
  },
  {
    "value": "Nanjing University of Information Science and Technology",
    "synonyms": [
      "Nanjing University of Information Science and Technology"
    ]
  },
  {
    "value": "Ningbo University",
    "synonyms": [
      "Ningbo University"
    ]
  },
  {
    "value": "Guangzhou University of Chinese Medicine",
    "synonyms": [
      "Guangzhou University of Chinese Medicine"
    ]
  },
  {
    "value": "Nanjing University of Chinese Medicine",
    "synonyms": [
      "Nanjing University of Chinese Medicine"
    ]
  },
  {
    "value": "Chengdu University of Technology",
    "synonyms": [
      "Chengdu University of Technology"
    ]
  },
  {
    "value": "Tianjin Polytechnic University",
    "synonyms": [
      "Tianjin Polytechnic University"
    ]
  },
  {
    "value": "Shanghai Ocean University",
    "synonyms": [
      "Shanghai Ocean University"
    ]
  },
  {
    "value": "Nanjing Forestry University",
    "synonyms": [
      "Nanjing Forestry University"
    ]
  },
  {
    "value": "South China Agricultural University",
    "synonyms": [
      "South China Agricultural University"
    ]
  },
  {
    "value": "Henan University",
    "synonyms": [
      "Henan University"
    ]
  },
  {
    "value": "Tianjin University of Traditional Chinese Medicine",
    "synonyms": [
      "Tianjin University of Traditional Chinese Medicine"
    ]
  },
  {
    "value": "Southwest Petroleum University",
    "synonyms": [
      "Southwest Petroleum University"
    ]
  },
  {
    "value": "Xiangtan University",
    "synonyms": [
      "Xiangtan University"
    ]
  },
  {
    "value": "Shanxi University",
    "synonyms": [
      "Shanxi University"
    ]
  },
  {
    "value": "Chengdu University of Traditional Chinese Medicine",
    "synonyms": [
      "Chengdu University of Traditional Chinese Medicine"
    ]
  },
  {
    "value": "Capital Medical University",
    "synonyms": [
      "Capital Medical University"
    ]
  },
  {
    "value": "Shenzhen University",
    "synonyms": [
      "Shenzhen University"
    ]
  },
  {
    "value": "East China University of Political Science and Law",
    "synonyms": [
      "East China University of Political Science and Law"
    ]
  },
  {
    "value": "Southern Medical University",
    "synonyms": [
      "Southern Medical University"
    ]
  },
  {
    "value": "Southwest University of Political Science and Law",
    "synonyms": [
      "Southwest University of Political Science and Law"
    ]
  },
  {
    "value": "Tianjin University of Finance and Economics",
    "synonyms": [
      "Tianjin University of Finance and Economics"
    ]
  },
  {
    "value": "Hangzhou University of Electronic Science and Technology",
    "synonyms": [
      "Hangzhou University of Electronic Science and Technology"
    ]
  },
  {
    "value": "Chongqing Medical University",
    "synonyms": [
      "Chongqing Medical University"
    ]
  },
  {
    "value": "Capital University of Economics",
    "synonyms": [
      "Capital University of Economics"
    ]
  },
  {
    "value": "Dongbei University of Finance and Economics",
    "synonyms": [
      "Dongbei University of Finance and Economics"
    ]
  },
  {
    "value": "Shanxi Medical University",
    "synonyms": [
      "Shanxi Medical University"
    ]
  },
  {
    "value": "Northwest University of Political Science and Law",
    "synonyms": [
      "Northwest University of Political Science and Law"
    ]
  },
  {
    "value": "Chinese Medical University",
    "synonyms": [
      "Chinese Medical University"
    ]
  },
  {
    "value": "University of Shanghai for Science and Technology",
    "synonyms": [
      "University of Shanghai for Science and Technology"
    ]
  },
  {
    "value": "Nanjing Audit University",
    "synonyms": [
      "Nanjing Audit University"
    ]
  },
  {
    "value": "Shanghai University of International Business and Economics",
    "synonyms": [
      "Shanghai University of International Business and Economics"
    ]
  },
  {
    "value": "GuangZhou University",
    "synonyms": [
      "GuangZhou University"
    ]
  },
  {
    "value": "Chongqing University of Posts and Telecommunications",
    "synonyms": [
      "Chongqing University of Posts and Telecommunications"
    ]
  },
  {
    "value": "Guangdong University of Foreign Studies",
    "synonyms": [
      "Guangdong University of Foreign Studies"
    ]
  },
  {
    "value": "Hebei Medical University",
    "synonyms": [
      "Hebei Medical University"
    ]
  },
  {
    "value": "Dalian Medical University",
    "synonyms": [
      "Dalian Medical University"
    ]
  },
  {
    "value": "Guangdong University of Technology",
    "synonyms": [
      "Guangdong University of Technology"
    ]
  },
  {
    "value": "Zhejiang Sci-Tech University",
    "synonyms": [
      "Zhejiang Sci-Tech University"
    ]
  },
  {
    "value": "Nanjing University of Finance and Economics",
    "synonyms": [
      "Nanjing University of Finance and Economics"
    ]
  },
  {
    "value": "Zhejiang University of Finance and Economics",
    "synonyms": [
      "Zhejiang University of Finance and Economics"
    ]
  },
  {
    "value": "Jiangxi University of Finance and Economics",
    "synonyms": [
      "Jiangxi University of Finance and Economics"
    ]
  },
  {
    "value": "Zhejiang University of Technology",
    "synonyms": [
      "Zhejiang University of Technology"
    ]
  },
  {
    "value": "Guangxi Medical University",
    "synonyms": [
      "Guangxi Medical University"
    ]
  },
  {
    "value": "Kunming Medical University",
    "synonyms": [
      "Kunming Medical University"
    ]
  },
  {
    "value": "Beijing Language and Culture University",
    "synonyms": [
      "Beijing Language and Culture University"
    ]
  },
  {
    "value": "North China University of Technology",
    "synonyms": [
      "North China University of Technology"
    ]
  },
  {
    "value": "Harbin Medical University",
    "synonyms": [
      "Harbin Medical University"
    ]
  },
  {
    "value": "Wuhan University of Science and Technology",
    "synonyms": [
      "Wuhan University of Science and Technology"
    ]
  },
  {
    "value": "Jiangsu University",
    "synonyms": [
      "Jiangsu University"
    ]
  },
  {
    "value": "Nanjing University of Technology",
    "synonyms": [
      "Nanjing University of Technology"
    ]
  },
  {
    "value": "Shanghai Electric Power University",
    "synonyms": [
      "Shanghai Electric Power University"
    ]
  },
  {
    "value": "Shanghai Maritime University",
    "synonyms": [
      "Shanghai Maritime University"
    ]
  },
  {
    "value": "Shantou University",
    "synonyms": [
      "Shantou University"
    ]
  },
  {
    "value": "Yanshan University",
    "synonyms": [
      "Yanshan University"
    ]
  },
  {
    "value": "Xi\u0027an International Studies University",
    "synonyms": [
      "Xi\u0027an International Studies University"
    ]
  },
  {
    "value": "Beijing Technology and Business University",
    "synonyms": [
      "Beijing Technology and Business University"
    ]
  },
  {
    "value": "Hubei University",
    "synonyms": [
      "Hubei University"
    ]
  },
  {
    "value": "Fujian University of Medicine",
    "synonyms": [
      "Fujian University of Medicine"
    ]
  },
  {
    "value": "Yangzhou University",
    "synonyms": [
      "Yangzhou University"
    ]
  },
  {
    "value": "Zhejiang Normal University",
    "synonyms": [
      "Zhejiang Normal University"
    ]
  },
  {
    "value": "Beijing University of Civil Engineering and Architecture",
    "synonyms": [
      "Beijing University of Civil Engineering and Architecture"
    ]
  },
  {
    "value": "Xuzhou Medical University",
    "synonyms": [
      "Xuzhou Medical University"
    ]
  },
  {
    "value": "Qingdao University",
    "synonyms": [
      "Qingdao University"
    ]
  },
  {
    "value": "Shandong Normal University",
    "synonyms": [
      "Shandong Normal University"
    ]
  },
  {
    "value": "Chongqing Jiaotong University",
    "synonyms": [
      "Chongqing Jiaotong University"
    ]
  },
  {
    "value": "Huaqiao University",
    "synonyms": [
      "Huaqiao University"
    ]
  },
  {
    "value": "Shanghai University of Political Science and Law",
    "synonyms": [
      "Shanghai University of Political Science and Law"
    ]
  },
  {
    "value": "Tianjin Normal University",
    "synonyms": [
      "Tianjin Normal University"
    ]
  },
  {
    "value": "Dalian Foreign Language University",
    "synonyms": [
      "Dalian Foreign Language University"
    ]
  },
  {
    "value": "Wuhan Institute of Technology",
    "synonyms": [
      "Wuhan Institute of Technology"
    ]
  },
  {
    "value": "Beijing Union University",
    "synonyms": [
      "Beijing Union University"
    ]
  },
  {
    "value": "Shanghai Theater Academy",
    "synonyms": [
      "Shanghai Theater Academy"
    ]
  },
  {
    "value": "Hubei University of Traditional Chinese Medicine",
    "synonyms": [
      "Hubei University of Traditional Chinese Medicine"
    ]
  },
  {
    "value": "East China Jiaotong University",
    "synonyms": [
      "East China Jiaotong University"
    ]
  },
  {
    "value": "Beijing University of Science and Technology Information",
    "synonyms": [
      "Beijing University of Science and Technology Information"
    ]
  },
  {
    "value": "Beijing Second Foreign Language Institute",
    "synonyms": [
      "Beijing Second Foreign Language Institute"
    ]
  },
  {
    "value": "Xingjiang Medical College",
    "synonyms": [
      "Xingjiang Medical College"
    ]
  },
  {
    "value": "Guangxi University of Traditional Chinese Medicine",
    "synonyms": [
      "Guangxi University of Traditional Chinese Medicine"
    ]
  },
  {
    "value": "Zhejiang University of Traditional Chinese Medicine",
    "synonyms": [
      "Zhejiang University of Traditional Chinese Medicine"
    ]
  },
  {
    "value": "Changsha University of Science and Technology",
    "synonyms": [
      "Changsha University of Science and Technology"
    ]
  },
  {
    "value": "China Civil Aviation University",
    "synonyms": [
      "China Civil Aviation University"
    ]
  },
  {
    "value": "Shenyang Pharmaceutical University",
    "synonyms": [
      "Shenyang Pharmaceutical University"
    ]
  },
  {
    "value": "Jiangxi Normal University",
    "synonyms": [
      "Jiangxi Normal University"
    ]
  },
  {
    "value": "Xi\u0027an University of Technology",
    "synonyms": [
      "Xi\u0027an University of Technology"
    ]
  },
  {
    "value": "Kunming University of Science and Technology",
    "synonyms": [
      "Kunming University of Science and Technology"
    ]
  },
  {
    "value": "Hubei University of Technology",
    "synonyms": [
      "Hubei University of Technology"
    ]
  },
  {
    "value": "Jiangsu University of Science and Technology",
    "synonyms": [
      "Jiangsu University of Science and Technology"
    ]
  },
  {
    "value": "Xi\u0027an University of Architecture and Technology",
    "synonyms": [
      "Xi\u0027an University of Architecture and Technology"
    ]
  },
  {
    "value": "Sichuan Normal University",
    "synonyms": [
      "Sichuan Normal University"
    ]
  },
  {
    "value": "Shandong University of Science and Technology",
    "synonyms": [
      "Shandong University of Science and Technology"
    ]
  },
  {
    "value": "Shandong University of Finance and Economics",
    "synonyms": [
      "Shandong University of Finance and Economics"
    ]
  },
  {
    "value": "Xi\u0027an University of Science and Technology",
    "synonyms": [
      "Xi\u0027an University of Science and Technology"
    ]
  },
  {
    "value": "Ji Nan University",
    "synonyms": [
      "Ji Nan University"
    ]
  },
  {
    "value": "Northeast Electric Power University",
    "synonyms": [
      "Northeast Electric Power University"
    ]
  },
  {
    "value": "Harbin University of Science and Technology",
    "synonyms": [
      "Harbin University of Science and Technology"
    ]
  },
  {
    "value": "South Central University for Nationalities",
    "synonyms": [
      "South Central University for Nationalities"
    ]
  },
  {
    "value": "Changchun University of Science and Technology",
    "synonyms": [
      "Changchun University of Science and Technology"
    ]
  },
  {
    "value": "XiAn Industrial University",
    "synonyms": [
      "XiAn Industrial University"
    ]
  },
  {
    "value": "Tianjin University of Science and Technology",
    "synonyms": [
      "Tianjin University of Science and Technology"
    ]
  },
  {
    "value": "Sanxia University",
    "synonyms": [
      "Sanxia University"
    ]
  },
  {
    "value": "Xi\u0027an Jiaotong-Liverpool University",
    "synonyms": [
      "Xi\u0027an Jiaotong-Liverpool University"
    ]
  },
  {
    "value": "China Jiliang University",
    "synonyms": [
      "China Jiliang University"
    ]
  },
  {
    "value": "hangzhou normal university",
    "synonyms": [
      "hangzhou normal university"
    ]
  },
  {
    "value": "Qingdao University of Science and Technology",
    "synonyms": [
      "Qingdao University of Science and Technology"
    ]
  },
  {
    "value": "Jiangxi University of Science and Technology",
    "synonyms": [
      "Jiangxi University of Science and Technology"
    ]
  },
  {
    "value": "Central North University",
    "synonyms": [
      "Central North University"
    ]
  },
  {
    "value": "Shaanxi University of Science and Technology",
    "synonyms": [
      "Shaanxi University of Science and Technology"
    ]
  },
  {
    "value": "Fujian Agriculture and Forestry University",
    "synonyms": [
      "Fujian Agriculture and Forestry University"
    ]
  },
  {
    "value": "Shijiazhuang Railway University",
    "synonyms": [
      "Shijiazhuang Railway University"
    ]
  },
  {
    "value": "Heilongjiang University",
    "synonyms": [
      "Heilongjiang University"
    ]
  },
  {
    "value": "Nantong university",
    "synonyms": [
      "Nantong university"
    ]
  },
  {
    "value": "Shenyang University of Technology",
    "synonyms": [
      "Shenyang University of Technology"
    ]
  },
  {
    "value": "Ningxia Medical University",
    "synonyms": [
      "Ningxia Medical University"
    ]
  },
  {
    "value": "Hunan University of Science and Technology",
    "synonyms": [
      "Hunan University of Science and Technology"
    ]
  },
  {
    "value": "Shenyang Jianzhu University",
    "synonyms": [
      "Shenyang Jianzhu University"
    ]
  },
  {
    "value": "Shenyang Aerospace University",
    "synonyms": [
      "Shenyang Aerospace University"
    ]
  },
  {
    "value": "Guilin University of Electronic Technology",
    "synonyms": [
      "Guilin University of Electronic Technology"
    ]
  },
  {
    "value": "Yangtze University",
    "synonyms": [
      "Yangtze University"
    ]
  },
  {
    "value": "Liaoning University of Engineering and Technology",
    "synonyms": [
      "Liaoning University of Engineering and Technology"
    ]
  },
  {
    "value": "Chongqing Normal University",
    "synonyms": [
      "Chongqing Normal University"
    ]
  },
  {
    "value": "Hainan Normal University",
    "synonyms": [
      "Hainan Normal University"
    ]
  },
  {
    "value": "Central South University of Forestry and Technology",
    "synonyms": [
      "Central South University of Forestry and Technology"
    ]
  },
  {
    "value": "Southwest University of Science and Technology",
    "synonyms": [
      "Southwest University of Science and Technology"
    ]
  },
  {
    "value": "Anhui University of Technology",
    "synonyms": [
      "Anhui University of Technology"
    ]
  },
  {
    "value": "Nanhua University",
    "synonyms": [
      "Nanhua University"
    ]
  },
  {
    "value": "Zhejiang Agriculture and Forestry University",
    "synonyms": [
      "Zhejiang Agriculture and Forestry University"
    ]
  },
  {
    "value": "Anhui Normal University",
    "synonyms": [
      "Anhui Normal University"
    ]
  },
  {
    "value": "Lanzhou Jiaotong University",
    "synonyms": [
      "Lanzhou Jiaotong University"
    ]
  },
  {
    "value": "East China University of Technology",
    "synonyms": [
      "East China University of Technology"
    ]
  },
  {
    "value": "Chengdu University of Information Engineering",
    "synonyms": [
      "Chengdu University of Information Engineering"
    ]
  },
  {
    "value": "Southwest University for Nationalities",
    "synonyms": [
      "Southwest University for Nationalities"
    ]
  },
  {
    "value": "Hebei Normal University",
    "synonyms": [
      "Hebei Normal University"
    ]
  },
  {
    "value": "Northwest Normal University",
    "synonyms": [
      "Northwest Normal University"
    ]
  },
  {
    "value": "Henan Normal University",
    "synonyms": [
      "Henan Normal University"
    ]
  },
  {
    "value": "North China University of Technology",
    "synonyms": [
      "North China University of Technology"
    ]
  },
  {
    "value": "Chinese People\u0027s Police University",
    "synonyms": [
      "Chinese People\u0027s Police University"
    ]
  },
  {
    "value": "Hunan University of Traditional Chinese Medicine",
    "synonyms": [
      "Hunan University of Traditional Chinese Medicine"
    ]
  },
  {
    "value": "Henan University of Science and Technology",
    "synonyms": [
      "Henan University of Science and Technology"
    ]
  },
  {
    "value": "Heilongjiang University of Traditional Chinese Medicine",
    "synonyms": [
      "Heilongjiang University of Traditional Chinese Medicine"
    ]
  },
  {
    "value": "North China University of Water Conservancy and Hydropower",
    "synonyms": [
      "North China University of Water Conservancy and Hydropower"
    ]
  },
  {
    "value": "Jiangxi University of Traditional Chinese Medicine",
    "synonyms": [
      "Jiangxi University of Traditional Chinese Medicine"
    ]
  },
  {
    "value": "Hunan Agricultural University",
    "synonyms": [
      "Hunan Agricultural University"
    ]
  },
  {
    "value": "Hunan University",
    "synonyms": [
      "Hunan University"
    ]
  },
  {
    "value": "Hunan Technology and Business University",
    "synonyms": [
      "Hunan Technology and Business University"
    ]
  },
  {
    "value": "Dalian Jiaotong University",
    "synonyms": [
      "Dalian Jiaotong University"
    ]
  },
  {
    "value": "Xi\u0027an Shiyou University",
    "synonyms": [
      "Xi\u0027an Shiyou University"
    ]
  },
  {
    "value": "Lanzhou University of Technology",
    "synonyms": [
      "Lanzhou University of Technology"
    ]
  },
  {
    "value": "Changchun University of Traditional Chinese Medicine",
    "synonyms": [
      "Changchun University of Traditional Chinese Medicine"
    ]
  },
  {
    "value": "Liaoning University of Science and Technology",
    "synonyms": [
      "Liaoning University of Science and Technology"
    ]
  },
  {
    "value": "Northeast Petroleum University",
    "synonyms": [
      "Northeast Petroleum University"
    ]
  },
  {
    "value": "Nanchang Aeronautical University",
    "synonyms": [
      "Nanchang Aeronautical University"
    ]
  },
  {
    "value": "Changzhou University",
    "synonyms": [
      "Changzhou University"
    ]
  },
  {
    "value": "Qufu Normal University",
    "synonyms": [
      "Qufu Normal University"
    ]
  },
  {
    "value": "Henan University of Economics and Law",
    "synonyms": [
      "Henan University of Economics and Law"
    ]
  },
  {
    "value": "Xi\u0027an University of Finance and Economics",
    "synonyms": [
      "Xi\u0027an University of Finance and Economics"
    ]
  },
  {
    "value": "Anhui University of Technology",
    "synonyms": [
      "Anhui University of Technology"
    ]
  },
  {
    "value": "Guilin University of Technology",
    "synonyms": [
      "Guilin University of Technology"
    ]
  },
  {
    "value": "Qilu University of Technology",
    "synonyms": [
      "Qilu University of Technology"
    ]
  },
  {
    "value": "Shenyang Agricultural University",
    "synonyms": [
      "Shenyang Agricultural University"
    ]
  },
  {
    "value": "Zhengzhou University of Light Industry",
    "synonyms": [
      "Zhengzhou University of Light Industry"
    ]
  },
  {
    "value": "Jishou University",
    "synonyms": [
      "Jishou University"
    ]
  },
  {
    "value": "Jiangxi Agricultural University",
    "synonyms": [
      "Jiangxi Agricultural University"
    ]
  },
  {
    "value": "Qingdao Agricultural University",
    "synonyms": [
      "Qingdao Agricultural University"
    ]
  },
  {
    "value": "Northwest University for Nationalities",
    "synonyms": [
      "Northwest University for Nationalities"
    ]
  },
  {
    "value": "Northern University for Nationalities",
    "synonyms": [
      "Northern University for Nationalities"
    ]
  }
]